{"summaryresult":{"totalusers":10,"totalgroups":4,"totalitems":37,"userstoretype":"BUILTIN","groupstoretype":"BUILTIN","defaultuserrole":"account_user","portalurl":"https://govdev.eastus.cloudapp.azure.com/arcgis","webadaptorurl":"govdev.eastus.cloudapp.azure.com/arcgis","access":"public","allssll":false,"supporthostedservices":true,"supportsceneservices":true,"webadaptormachines":"10.0.0.5","activeuserslastweek":5,"activeuserslast30days":7,"inactiveuserslast90days":3,"groupwithmaximumusers":"Indiana DOT(2)","groupwithmaximumitems":"Indiana DOT(11)","totalitemcount":37,"popularitemsinceinstall":"HPMS - US Department of Transportation (33)","namedusersavailable":3000,"namedusersregistered":9,"expiration":"\/Date(1508212800000)\/","features":[{"productname":"Portal for ArcGIS","total":2000,"available":0,"expiration":"\/Date(1508212800000)\/"},{"productname":"Portal for ArcGIS","total":1000,"available":9,"expiration":"\/Date(1508212800000)\/"}],"hostedservername":"10.0.0.4:6443","hostedserverurl":"https://govdev.eastus.cloudapp.azure.com/arcgis","hostedserveradminurl":"https://10.0.0.4:6443/arcgis","federatedservers":[{"id":"RSUPc8HH4ehyjWNT","name":"geoanalytics.eastus.cloudapp.azure.com","url":"https://geoanalytics.eastus.cloudapp.azure.com/arcgis","isHosted":false,"adminUrl":"https://geoanalytics.eastus.cloudapp.azure.com/arcgis","serverRole":"FEDERATED_SERVER"},{"id":"I4SSdHcHJv8Di4ab","name":"geoevent.eastus.cloudapp.azure.com","url":"https://geoevent.eastus.cloudapp.azure.com/arcgis","isHosted":false,"adminUrl":"https://geoevent.eastus.cloudapp.azure.com/arcgis","serverRole":"FEDERATED_SERVER"}],"usersaddedfromlastreport":0,"groupsaddedfromlastreport":0,"itemsaddedfromlastreport":0},"licenseresult":{"purchases":[]},"userresult":{"users":[{"name":"anieto","lastlogin":"\/Date(1497298958066)\/","dayssincelastlogin":0,"itemsowned":7,"numberofgroupsmemberof":2,"owneditemviews":61,"alerttext":"","alertcolor":""},{"name":"PortalAdmin","lastlogin":"\/Date(1497028886973)\/","dayssincelastlogin":3,"itemsowned":12,"numberofgroupsmemberof":4,"owneditemviews":8,"alerttext":"","alertcolor":""},{"name":"rjavaraman","lastlogin":"\/Date(1497026747061)\/","dayssincelastlogin":3,"itemsowned":0,"numberofgroupsmemberof":0,"owneditemviews":0,"alerttext":"","alertcolor":""},{"name":"IndianaDOT_User","lastlogin":"\/Date(1496950518597)\/","dayssincelastlogin":4,"itemsowned":0,"numberofgroupsmemberof":1,"owneditemviews":0,"alerttext":"","alertcolor":""},{"name":"OhioDOT_User","lastlogin":"\/Date(1496935759741)\/","dayssincelastlogin":4,"itemsowned":0,"numberofgroupsmemberof":1,"owneditemviews":0,"alerttext":"","alertcolor":""},{"name":"tom.oaks","lastlogin":"\/Date(1496243714851)\/","dayssincelastlogin":12,"itemsowned":0,"numberofgroupsmemberof":0,"owneditemviews":0,"alerttext":"","alertcolor":""},{"name":"dattaway","lastlogin":"\/Date(1495544059103)\/","dayssincelastlogin":20,"itemsowned":0,"numberofgroupsmemberof":0,"owneditemviews":0,"alerttext":"","alertcolor":""},{"name":"bstayer","lastlogin":"\/Date(-1)\/","dayssincelastlogin":17329,"itemsowned":0,"numberofgroupsmemberof":0,"owneditemviews":0,"alerttext":"User has not logged on for more than 90 days","alertcolor":"RED"},{"name":"system_publisher","lastlogin":"\/Date(-1)\/","dayssincelastlogin":17329,"itemsowned":0,"numberofgroupsmemberof":0,"owneditemviews":0,"alerttext":"User has not logged on for more than 90 days","alertcolor":"RED"},{"name":"pobrien","lastlogin":"\/Date(-1)\/","dayssincelastlogin":17329,"itemsowned":0,"numberofgroupsmemberof":0,"owneditemviews":0,"alerttext":"User has not logged on for more than 90 days","alertcolor":"RED"}],"newusers":0,"removedusers":0},"groupresult":{"groups":[{"Id":"b9e7aa9f9355460db9ba36e9438f726d","name":"Indiana DOT","owner":"PortalAdmin","items":11,"shareditemviews":192,"numberofusers":2,"access":"org","alerttext":"","alertcolor":""},{"Id":"2b0661f2fc89451f94abc34351b16353","name":"Ohio DOT","owner":"PortalAdmin","items":3,"shareditemviews":51,"numberofusers":2,"access":"org","alerttext":"","alertcolor":""},{"Id":"4d1a3a38d30b4627923b01ef8c1b4b8f","name":"Florida DOT","owner":"PortalAdmin","items":2,"shareditemviews":59,"numberofusers":0,"access":"org","alerttext":"","alertcolor":""},{"Id":"e600181590f4420a8bb51babc65aa102","name":"Featured Maps and Apps","owner":"PortalAdmin","items":0,"shareditemviews":0,"numberofusers":0,"access":"public","alerttext":"No users added to group and no item is shared with the Group","alertcolor":"RED"}],"newgroups":0,"removedgroups":0},"itemresult":{"items":[{"name":"HPMS - US Department of Transportation","id":"d5dfe78a6947499684336939863701b3","type":"Web Mapping Application","url":"http://govdev.eastus.cloudapp.azure.com/arcgis/home/webmap/viewer.html?webmap=e80b23b1c1e24eaa8d48e94df4932694","owner":"PortalAdmin","numviews":33,"numberofdependentitems":0,"numberofgroupitemshared":3,"numberviewsasdependent":0,"access":"shared","alerttext":null,"alertcolor":null,"missingdepndents":[],"numberviewssincelastrun":0},{"name":"DOT_FHWA_NHS_USA","id":"8e149d6422dd4479bd2f737905c277d7","type":"Service Definition","url":null,"owner":"anieto","numviews":1,"numberofdependentitems":0,"numberofgroupitemshared":0,"numberviewsasdependent":0,"access":"org","alerttext":null,"alertcolor":null,"missingdepndents":[],"numberviewssincelastrun":0},{"name":"ARNOLD: CONUS Visualization Test","id":"c6ad12b71a5b4b97a5679a209fdebc54","type":"Code Attachment","url":"http://govdev.eastus.cloudapp.azure.com/arcgis/sharing/rest/content/items/9a6ce44b0598417aaad9ee86adb02f5d/package","owner":"anieto","numviews":0,"numberofdependentitems":0,"numberofgroupitemshared":2,"numberviewsasdependent":0,"access":"org","alerttext":"Item not viewed since creation","alertcolor":"RED","missingdepndents":[],"numberviewssincelastrun":0},{"name":"Prototype WAB: USDOT FHWA -Indiana NHS","id":"e871a26766704406955ac67f2ad35cd0","type":"Code Attachment","url":"http://govdev.eastus.cloudapp.azure.com/arcgis/sharing/rest/content/items/8818f2696b6a490dbfd254b3f740b599/package","owner":"anieto","numviews":0,"numberofdependentitems":0,"numberofgroupitemshared":1,"numberviewsasdependent":0,"access":"shared","alerttext":"Item not viewed since creation","alertcolor":"RED","missingdepndents":[],"numberviewssincelastrun":0},{"name":"EHS_Sample_Kalamazoo","id":"b8cdd46722814969b7d229ec6cd5800f","type":"Service Definition","url":null,"owner":"PortalAdmin","numviews":1,"numberofdependentitems":0,"numberofgroupitemshared":0,"numberviewsasdependent":0,"access":"public","alerttext":null,"alertcolor":null,"missingdepndents":[],"numberviewssincelastrun":0},{"name":"EHS_Addin_KalamazooMI","id":"7063a6c8bb0a4f71aeb949ea686631a0","type":"Service Definition","url":null,"owner":"anieto","numviews":1,"numberofdependentitems":0,"numberofgroupitemshared":0,"numberviewsasdependent":0,"access":"private","alerttext":null,"alertcolor":null,"missingdepndents":[],"numberviewssincelastrun":0},{"name":"Geometry","id":"c58aef96a69b45d29254d50424ea9ea5","type":"Geometry Service","url":"https://geoanalytics.eastus.cloudapp.azure.com/arcgis/rest/services/Utilities/Geometry/GeometryServer","owner":"PortalAdmin","numviews":0,"numberofdependentitems":0,"numberofgroupitemshared":0,"numberviewsasdependent":0,"access":"private","alerttext":"Item not viewed since creation","alertcolor":"RED","missingdepndents":[],"numberviewssincelastrun":0},{"name":"EHS_Sample_Kalamazoo","id":"5adbe9ccba164cebb77b18b45f9bf617","type":"Web Scene","url":null,"owner":"PortalAdmin","numviews":9,"numberofdependentitems":0,"numberofgroupitemshared":0,"numberviewsasdependent":0,"access":"private","alerttext":null,"alertcolor":null,"missingdepndents":[],"numberviewssincelastrun":0},{"name":"DOT_FHWA_NHS_Indiana_FS","id":"b398c80c3a244b2685a734184d2535ac","type":"Feature Service","url":"http://govdev.eastus.cloudapp.azure.com/arcgis/rest/services/Hosted/DOT_FHWA_NHS_Indiana_FS/FeatureServer","owner":"anieto","numviews":32,"numberofdependentitems":0,"numberofgroupitemshared":1,"numberviewsasdependent":0,"access":"shared","alerttext":null,"alertcolor":null,"missingdepndents":[],"numberviewssincelastrun":0},{"name":"SampleWorldCities","id":"131b47c254ec42b6b9f345f98f561088","type":"WMS","url":"https://govdev.eastus.cloudapp.azure.com/arcgis/services/SampleWorldCities/MapServer/WMSServer","owner":"PortalAdmin","numviews":0,"numberofdependentitems":0,"numberofgroupitemshared":0,"numberviewsasdependent":0,"access":"private","alerttext":"Item not viewed since creation","alertcolor":"RED","missingdepndents":[],"numberviewssincelastrun":0},{"name":"Geometry","id":"64c81de3f91f4e76b2b407cd11094555","type":"Geometry Service","url":"https://geoevent.eastus.cloudapp.azure.com/arcgis/rest/services/Utilities/Geometry/GeometryServer","owner":"PortalAdmin","numviews":0,"numberofdependentitems":0,"numberofgroupitemshared":0,"numberviewsasdependent":0,"access":"private","alerttext":"Item not viewed since creation","alertcolor":"RED","missingdepndents":[],"numberviewssincelastrun":0},{"name":"GeocodingTools","id":"b718547cbbf84657b1fdcf8aea22adfc","type":"Geoprocessing Service","url":"https://geoevent.eastus.cloudapp.azure.com/arcgis/rest/services/Utilities/GeocodingTools/GPServer","owner":"PortalAdmin","numviews":0,"numberofdependentitems":0,"numberofgroupitemshared":0,"numberviewsasdependent":0,"access":"private","alerttext":"Item not viewed since creation","alertcolor":"RED","missingdepndents":[],"numberviewssincelastrun":0},{"name":"EHS_Addin_KalamazooMI","id":"ab6a793991e041249966f0741b65670c","type":"Feature Service","url":"http://govdev.eastus.cloudapp.azure.com/arcgis/rest/services/Hosted/EHS_Addin_KalamazooMI/FeatureServer","owner":"anieto","numviews":26,"numberofdependentitems":0,"numberofgroupitemshared":0,"numberviewsasdependent":0,"access":"public","alerttext":null,"alertcolor":null,"missingdepndents":[],"numberviewssincelastrun":0},{"name":"EHS_Sample_Kalamazoo","id":"689c5c540a2344bab308006deb921ee8","type":"Feature Service","url":"http://govdev.eastus.cloudapp.azure.com/arcgis/rest/services/Hosted/EHS_Sample_Kalamazoo/FeatureServer","owner":"PortalAdmin","numviews":9,"numberofdependentitems":0,"numberofgroupitemshared":0,"numberviewsasdependent":0,"access":"public","alerttext":null,"alertcolor":null,"missingdepndents":[],"numberviewssincelastrun":0},{"name":"USDOT FHWA: Indiana NHS","id":"f0da01161302423e8a487f72cc0fd2c2","type":"Web Map","url":"https://govdev.eastus.cloudapp.azure.com/arcgis/home/webmap/viewer.html?webmap=f0da01161302423e8a487f72cc0fd2c2","owner":"anieto","numviews":33,"numberofdependentitems":0,"numberofgroupitemshared":1,"numberviewsasdependent":0,"access":"shared","alerttext":null,"alertcolor":null,"missingdepndents":[],"numberviewssincelastrun":0},{"name":"SampleWorldCities","id":"f9221b32b3f74ccbb2f66d75fc9eb186","type":"Map Service","url":"https://govdev.eastus.cloudapp.azure.com/arcgis/rest/services/SampleWorldCities/MapServer","owner":"PortalAdmin","numviews":0,"numberofdependentitems":0,"numberofgroupitemshared":0,"numberviewsasdependent":0,"access":"private","alerttext":"Item not viewed since creation","alertcolor":"RED","missingdepndents":[],"numberviewssincelastrun":0},{"name":"Geometry","id":"9b68816fe0dd416e95fb8208f38f4dc9","type":"Geometry Service","url":"https://govdev.eastus.cloudapp.azure.com/arcgis/rest/services/Utilities/Geometry/GeometryServer","owner":"PortalAdmin","numviews":0,"numberofdependentitems":0,"numberofgroupitemshared":0,"numberviewsasdependent":0,"access":"private","alerttext":"Item not viewed since creation","alertcolor":"RED","missingdepndents":[],"numberviewssincelastrun":0},{"name":"ARNOLD - Indiana Visualization Tests","id":"8818f2696b6a490dbfd254b3f740b599","type":"Web Mapping Application","url":"http://govdev.eastus.cloudapp.azure.com/arcgis/apps/webappviewer/index.html?id=8818f2696b6a490dbfd254b3f740b599","owner":"anieto","numviews":27,"numberofdependentitems":0,"numberofgroupitemshared":1,"numberviewsasdependent":0,"access":"shared","alerttext":null,"alertcolor":null,"missingdepndents":[],"numberviewssincelastrun":0},{"name":"GeocodingTools","id":"51c2c50d92ef48b483ed20a4f795ab9a","type":"Geoprocessing Service","url":"https://govdev.eastus.cloudapp.azure.com/arcgis/rest/services/Utilities/GeocodingTools/GPServer","owner":"PortalAdmin","numviews":0,"numberofdependentitems":0,"numberofgroupitemshared":0,"numberviewsasdependent":0,"access":"private","alerttext":"Item not viewed since creation","alertcolor":"RED","missingdepndents":[],"numberviewssincelastrun":0},{"name":"DOT_FHWA_NHS_Indiana_FS","id":"ef7a017a5de44f4398c87ff2de9b6933","type":"Service Definition","url":null,"owner":"anieto","numviews":1,"numberofdependentitems":0,"numberofgroupitemshared":1,"numberviewsasdependent":0,"access":"shared","alerttext":null,"alertcolor":null,"missingdepndents":[],"numberviewssincelastrun":0},{"name":"PrintingTools","id":"cd2d930dfb6f4929805b006e9f9cc3d7","type":"Geoprocessing Service","url":"https://govdev.eastus.cloudapp.azure.com/arcgis/rest/services/Utilities/PrintingTools/GPServer","owner":"PortalAdmin","numviews":0,"numberofdependentitems":0,"numberofgroupitemshared":0,"numberviewsasdependent":0,"access":"private","alerttext":"Item not viewed since creation","alertcolor":"RED","missingdepndents":[],"numberviewssincelastrun":0},{"name":"EHS_Kalamazoo","id":"692c2be9deb947e2b33e825b445e2351","type":"Service Definition","url":null,"owner":"anieto","numviews":1,"numberofdependentitems":0,"numberofgroupitemshared":0,"numberviewsasdependent":0,"access":"private","alerttext":null,"alertcolor":null,"missingdepndents":[],"numberviewssincelastrun":0},{"name":"DOT_FHWA_NHS_Indiana","id":"f7a8a44ad28847638652650147f4c16f","type":"Map Service","url":"http://govdev.eastus.cloudapp.azure.com/arcgis/rest/services/Hosted/DOT_FHWA_NHS_Indiana/MapServer","owner":"anieto","numviews":19,"numberofdependentitems":0,"numberofgroupitemshared":1,"numberviewsasdependent":0,"access":"public","alerttext":null,"alertcolor":null,"missingdepndents":[],"numberviewssincelastrun":0},{"name":"DOT_FHWA_NHS_Indiana","id":"937ab7cb32774b169c7bb052615c2bee","type":"Service Definition","url":null,"owner":"anieto","numviews":1,"numberofdependentitems":0,"numberofgroupitemshared":1,"numberviewsasdependent":0,"access":"shared","alerttext":null,"alertcolor":null,"missingdepndents":[],"numberviewssincelastrun":0},{"name":"PrintingTools","id":"46d4e023d04349e7a6e10b6fd29df325","type":"Geoprocessing Service","url":"https://geoanalytics.eastus.cloudapp.azure.com/arcgis/rest/services/Utilities/PrintingTools/GPServer","owner":"PortalAdmin","numviews":0,"numberofdependentitems":0,"numberofgroupitemshared":0,"numberviewsasdependent":0,"access":"private","alerttext":"Item not viewed since creation","alertcolor":"RED","missingdepndents":[],"numberviewssincelastrun":0},{"name":"EHS_Kalamazoo","id":"c578083450964c17b2a178c43f8f755a","type":"Feature Service","url":"http://govdev.eastus.cloudapp.azure.com/arcgis/rest/services/Hosted/EHS_Kalamazoo/FeatureServer","owner":"anieto","numviews":0,"numberofdependentitems":0,"numberofgroupitemshared":0,"numberviewsasdependent":0,"access":"private","alerttext":"Item not viewed since creation","alertcolor":"RED","missingdepndents":[],"numberviewssincelastrun":0},{"name":"NHS: USA","id":"e80b23b1c1e24eaa8d48e94df4932694","type":"Web Map","url":"https://govdev.eastus.cloudapp.azure.com/arcgis/home/webmap/viewer.html?webmap=e80b23b1c1e24eaa8d48e94df4932694","owner":"anieto","numviews":26,"numberofdependentitems":0,"numberofgroupitemshared":1,"numberviewsasdependent":0,"access":"org","alerttext":null,"alertcolor":null,"missingdepndents":[],"numberviewssincelastrun":0},{"name":"GeocodingTools","id":"bd865ac3748b46d3be9a531a3a8a79f2","type":"Geoprocessing Service","url":"https://geoanalytics.eastus.cloudapp.azure.com/arcgis/rest/services/Utilities/GeocodingTools/GPServer","owner":"PortalAdmin","numviews":0,"numberofdependentitems":0,"numberofgroupitemshared":0,"numberviewsasdependent":0,"access":"private","alerttext":"Item not viewed since creation","alertcolor":"RED","missingdepndents":[],"numberviewssincelastrun":0},{"name":"GeoAnalytics Hello World","id":"4dc60c43cd124b9fad078a59f5a99fd3","type":"Web Map","url":"https://govdev.eastus.cloudapp.azure.com/arcgis/home/webmap/viewer.html?webmap=4dc60c43cd124b9fad078a59f5a99fd3","owner":"PortalAdmin","numviews":8,"numberofdependentitems":0,"numberofgroupitemshared":0,"numberviewsasdependent":0,"access":"private","alerttext":null,"alertcolor":null,"missingdepndents":[],"numberviewssincelastrun":0},{"name":"GeoAnalytics_Testing","id":"a8c93f80f9804a55a80bd9fc0b378860","type":"Web Map","url":"https://govdev.eastus.cloudapp.azure.com/arcgis/home/webmap/viewer.html?webmap=a8c93f80f9804a55a80bd9fc0b378860","owner":"anieto","numviews":2,"numberofdependentitems":0,"numberofgroupitemshared":0,"numberviewsasdependent":0,"access":"private","alerttext":null,"alertcolor":null,"missingdepndents":[],"numberviewssincelastrun":0},{"name":"DOT_FHWA_NHS_USA","id":"4a63e8e8e6c34c92b0689564080b80f8","type":"Map Service","url":"http://govdev.eastus.cloudapp.azure.com/arcgis/rest/services/Hosted/DOT_FHWA_NHS_USA/MapServer","owner":"anieto","numviews":24,"numberofdependentitems":0,"numberofgroupitemshared":0,"numberviewsasdependent":0,"access":"org","alerttext":null,"alertcolor":null,"missingdepndents":[],"numberviewssincelastrun":0},{"name":"PrintingTools","id":"b8f73db4ed334cb4a05a61ed39047db6","type":"Geoprocessing Service","url":"https://geoevent.eastus.cloudapp.azure.com/arcgis/rest/services/Utilities/PrintingTools/GPServer","owner":"PortalAdmin","numviews":0,"numberofdependentitems":0,"numberofgroupitemshared":0,"numberviewsasdependent":0,"access":"private","alerttext":"Item not viewed since creation","alertcolor":"RED","missingdepndents":[],"numberviewssincelastrun":0},{"name":"EHS_Addin_KalamazooMI","id":"8044dd13e85c46089841ec0ecf8f3cf9","type":"Scene Service","url":"http://govdev.eastus.cloudapp.azure.com/arcgis/rest/services/Hosted/EHS_Addin_KalamazooMI/SceneServer","owner":"anieto","numviews":29,"numberofdependentitems":0,"numberofgroupitemshared":0,"numberviewsasdependent":0,"access":"public","alerttext":null,"alertcolor":null,"missingdepndents":[],"numberviewssincelastrun":0},{"name":"ARNOLD - CONUS Visualization Tests","id":"9a6ce44b0598417aaad9ee86adb02f5d","type":"Web Mapping Application","url":"http://govdev.eastus.cloudapp.azure.com/arcgis/apps/webappviewer/index.html?id=9a6ce44b0598417aaad9ee86adb02f5d","owner":"anieto","numviews":18,"numberofdependentitems":0,"numberofgroupitemshared":2,"numberviewsasdependent":0,"access":"org","alerttext":null,"alertcolor":null,"missingdepndents":[],"numberviewssincelastrun":0},{"name":"EHS_Kalamazoo","id":"fb92a4ee35aa44f8b1d371519bb7b163","type":"Scene Service","url":"http://govdev.eastus.cloudapp.azure.com/arcgis/rest/services/Hosted/EHS_Kalamazoo/SceneServer","owner":"anieto","numviews":2,"numberofdependentitems":0,"numberofgroupitemshared":0,"numberviewsasdependent":0,"access":"public","alerttext":null,"alertcolor":null,"missingdepndents":[],"numberviewssincelastrun":0},{"name":"Indiana NHS Submission","id":"9ba7a5b866f54f74b5ced430a278a223","type":"Web Mapping Application","url":"https://dot2.esri.com/usdotnhs","owner":"PortalAdmin","numviews":28,"numberofdependentitems":0,"numberofgroupitemshared":1,"numberviewsasdependent":0,"access":"shared","alerttext":null,"alertcolor":null,"missingdepndents":[],"numberviewssincelastrun":0},{"name":"EHS_Sample_Kalamazoo","id":"66ac7507f46e4f14886d1a06a0131f7e","type":"Scene Service","url":"http://govdev.eastus.cloudapp.azure.com/arcgis/rest/services/Hosted/EHS_Sample_Kalamazoo/SceneServer","owner":"PortalAdmin","numviews":14,"numberofdependentitems":0,"numberofgroupitemshared":0,"numberviewsasdependent":0,"access":"public","alerttext":null,"alertcolor":null,"missingdepndents":[],"numberviewssincelastrun":0}],"newitems":0,"removeditems":0},"reportdate":"\/Date(1497299397272)\/","PreviousResult":null}